album_no,url
1,https://nohmorejpills-ux.github.io/lilwukong-500-winters/?nfc=official&no=0001
2,https://nohmorejpills-ux.github.io/lilwukong-500-winters/?nfc=official&no=0002
3,https://nohmorejpills-ux.github.io/lilwukong-500-winters/?nfc=official&no=0003
4,https://nohmorejpills-ux.github.io/lilwukong-500-winters/?nfc=official&no=0004
5,https://nohmorejpills-ux.github.io/lilwukong-500-winters/?nfc=official&no=0005
6,https://nohmorejpills-ux.github.io/lilwukong-500-winters/?nfc=official&no=0006
7,https://nohmorejpills-ux.github.io/lilwukong-500-winters/?nfc=official&no=0007
8,https://nohmorejpills-ux.github.io/lilwukong-500-winters/?nfc=official&no=0008
9,https://nohmorejpills-ux.github.io/lilwukong-500-winters/?nfc=official&no=0009
10,https://nohmorejpills-ux.github.io/lilwukong-500-winters/?nfc=official&no=0010
11,https://nohmorejpills-ux.github.io/lilwukong-500-winters/?nfc=official&no=0011
12,https://nohmorejpills-ux.github.io/lilwukong-500-winters/?nfc=official&no=0012
13,https://nohmorejpills-ux.github.io/lilwukong-500-winters/?nfc=official&no=0013
14,https://nohmorejpills-ux.github.io/lilwukong-500-winters/?nfc=official&no=0014
15,https://nohmorejpills-ux.github.io/lilwukong-500-winters/?nfc=official&no=0015
16,https://nohmorejpills-ux.github.io/lilwukong-500-winters/?nfc=official&no=0016
17,https://nohmorejpills-ux.github.io/lilwukong-500-winters/?nfc=official&no=0017
18,https://nohmorejpills-ux.github.io/lilwukong-500-winters/?nfc=official&no=0018
19,https://nohmorejpills-ux.github.io/lilwukong-500-winters/?nfc=official&no=0019
20,https://nohmorejpills-ux.github.io/lilwukong-500-winters/?nfc=official&no=0020
21,https://nohmorejpills-ux.github.io/lilwukong-500-winters/?nfc=official&no=0021
22,https://nohmorejpills-ux.github.io/lilwukong-500-winters/?nfc=official&no=0022
23,https://nohmorejpills-ux.github.io/lilwukong-500-winters/?nfc=official&no=0023
24,https://nohmorejpills-ux.github.io/lilwukong-500-winters/?nfc=official&no=0024
25,https://nohmorejpills-ux.github.io/lilwukong-500-winters/?nfc=official&no=0025
26,https://nohmorejpills-ux.github.io/lilwukong-500-winters/?nfc=official&no=0026
27,https://nohmorejpills-ux.github.io/lilwukong-500-winters/?nfc=official&no=0027
28,https://nohmorejpills-ux.github.io/lilwukong-500-winters/?nfc=official&no=0028
29,https://nohmorejpills-ux.github.io/lilwukong-500-winters/?nfc=official&no=0029
30,https://nohmorejpills-ux.github.io/lilwukong-500-winters/?nfc=official&no=0030
31,https://nohmorejpills-ux.github.io/lilwukong-500-winters/?nfc=official&no=0031
32,https://nohmorejpills-ux.github.io/lilwukong-500-winters/?nfc=official&no=0032
33,https://nohmorejpills-ux.github.io/lilwukong-500-winters/?nfc=official&no=0033
34,https://nohmorejpills-ux.github.io/lilwukong-500-winters/?nfc=official&no=0034
35,https://nohmorejpills-ux.github.io/lilwukong-500-winters/?nfc=official&no=0035
36,https://nohmorejpills-ux.github.io/lilwukong-500-winters/?nfc=official&no=0036
37,https://nohmorejpills-ux.github.io/lilwukong-500-winters/?nfc=official&no=0037
38,https://nohmorejpills-ux.github.io/lilwukong-500-winters/?nfc=official&no=0038
39,https://nohmorejpills-ux.github.io/lilwukong-500-winters/?nfc=official&no=0039
40,https://nohmorejpills-ux.github.io/lilwukong-500-winters/?nfc=official&no=0040
41,https://nohmorejpills-ux.github.io/lilwukong-500-winters/?nfc=official&no=0041
42,https://nohmorejpills-ux.github.io/lilwukong-500-winters/?nfc=official&no=0042
43,https://nohmorejpills-ux.github.io/lilwukong-500-winters/?nfc=official&no=0043
44,https://nohmorejpills-ux.github.io/lilwukong-500-winters/?nfc=official&no=0044
45,https://nohmorejpills-ux.github.io/lilwukong-500-winters/?nfc=official&no=0045
46,https://nohmorejpills-ux.github.io/lilwukong-500-winters/?nfc=official&no=0046
47,https://nohmorejpills-ux.github.io/lilwukong-500-winters/?nfc=official&no=0047
48,https://nohmorejpills-ux.github.io/lilwukong-500-winters/?nfc=official&no=0048
49,https://nohmorejpills-ux.github.io/lilwukong-500-winters/?nfc=official&no=0049
50,https://nohmorejpills-ux.github.io/lilwukong-500-winters/?nfc=official&no=0050
51,https://nohmorejpills-ux.github.io/lilwukong-500-winters/?nfc=official&no=0051
52,https://nohmorejpills-ux.github.io/lilwukong-500-winters/?nfc=official&no=0052
53,https://nohmorejpills-ux.github.io/lilwukong-500-winters/?nfc=official&no=0053
54,https://nohmorejpills-ux.github.io/lilwukong-500-winters/?nfc=official&no=0054
55,https://nohmorejpills-ux.github.io/lilwukong-500-winters/?nfc=official&no=0055
56,https://nohmorejpills-ux.github.io/lilwukong-500-winters/?nfc=official&no=0056
57,https://nohmorejpills-ux.github.io/lilwukong-500-winters/?nfc=official&no=0057
58,https://nohmorejpills-ux.github.io/lilwukong-500-winters/?nfc=official&no=0058
59,https://nohmorejpills-ux.github.io/lilwukong-500-winters/?nfc=official&no=0059
60,https://nohmorejpills-ux.github.io/lilwukong-500-winters/?nfc=official&no=0060
61,https://nohmorejpills-ux.github.io/lilwukong-500-winters/?nfc=official&no=0061
62,https://nohmorejpills-ux.github.io/lilwukong-500-winters/?nfc=official&no=0062
63,https://nohmorejpills-ux.github.io/lilwukong-500-winters/?nfc=official&no=0063
64,https://nohmorejpills-ux.github.io/lilwukong-500-winters/?nfc=official&no=0064
65,https://nohmorejpills-ux.github.io/lilwukong-500-winters/?nfc=official&no=0065
66,https://nohmorejpills-ux.github.io/lilwukong-500-winters/?nfc=official&no=0066
67,https://nohmorejpills-ux.github.io/lilwukong-500-winters/?nfc=official&no=0067
68,https://nohmorejpills-ux.github.io/lilwukong-500-winters/?nfc=official&no=0068
69,https://nohmorejpills-ux.github.io/lilwukong-500-winters/?nfc=official&no=0069
70,https://nohmorejpills-ux.github.io/lilwukong-500-winters/?nfc=official&no=0070
71,https://nohmorejpills-ux.github.io/lilwukong-500-winters/?nfc=official&no=0071
72,https://nohmorejpills-ux.github.io/lilwukong-500-winters/?nfc=official&no=0072
73,https://nohmorejpills-ux.github.io/lilwukong-500-winters/?nfc=official&no=0073
74,https://nohmorejpills-ux.github.io/lilwukong-500-winters/?nfc=official&no=0074
75,https://nohmorejpills-ux.github.io/lilwukong-500-winters/?nfc=official&no=0075
76,https://nohmorejpills-ux.github.io/lilwukong-500-winters/?nfc=official&no=0076
77,https://nohmorejpills-ux.github.io/lilwukong-500-winters/?nfc=official&no=0077
78,https://nohmorejpills-ux.github.io/lilwukong-500-winters/?nfc=official&no=0078
79,https://nohmorejpills-ux.github.io/lilwukong-500-winters/?nfc=official&no=0079
80,https://nohmorejpills-ux.github.io/lilwukong-500-winters/?nfc=official&no=0080
81,https://nohmorejpills-ux.github.io/lilwukong-500-winters/?nfc=official&no=0081
82,https://nohmorejpills-ux.github.io/lilwukong-500-winters/?nfc=official&no=0082
83,https://nohmorejpills-ux.github.io/lilwukong-500-winters/?nfc=official&no=0083
84,https://nohmorejpills-ux.github.io/lilwukong-500-winters/?nfc=official&no=0084
85,https://nohmorejpills-ux.github.io/lilwukong-500-winters/?nfc=official&no=0085
86,https://nohmorejpills-ux.github.io/lilwukong-500-winters/?nfc=official&no=0086
87,https://nohmorejpills-ux.github.io/lilwukong-500-winters/?nfc=official&no=0087
88,https://nohmorejpills-ux.github.io/lilwukong-500-winters/?nfc=official&no=0088
89,https://nohmorejpills-ux.github.io/lilwukong-500-winters/?nfc=official&no=0089
90,https://nohmorejpills-ux.github.io/lilwukong-500-winters/?nfc=official&no=0090
91,https://nohmorejpills-ux.github.io/lilwukong-500-winters/?nfc=official&no=0091
92,https://nohmorejpills-ux.github.io/lilwukong-500-winters/?nfc=official&no=0092
93,https://nohmorejpills-ux.github.io/lilwukong-500-winters/?nfc=official&no=0093
94,https://nohmorejpills-ux.github.io/lilwukong-500-winters/?nfc=official&no=0094
95,https://nohmorejpills-ux.github.io/lilwukong-500-winters/?nfc=official&no=0095
96,https://nohmorejpills-ux.github.io/lilwukong-500-winters/?nfc=official&no=0096
97,https://nohmorejpills-ux.github.io/lilwukong-500-winters/?nfc=official&no=0097
98,https://nohmorejpills-ux.github.io/lilwukong-500-winters/?nfc=official&no=0098
99,https://nohmorejpills-ux.github.io/lilwukong-500-winters/?nfc=official&no=0099
100,https://nohmorejpills-ux.github.io/lilwukong-500-winters/?nfc=official&no=0100
101,https://nohmorejpills-ux.github.io/lilwukong-500-winters/?nfc=official&no=0101
102,https://nohmorejpills-ux.github.io/lilwukong-500-winters/?nfc=official&no=0102
103,https://nohmorejpills-ux.github.io/lilwukong-500-winters/?nfc=official&no=0103
104,https://nohmorejpills-ux.github.io/lilwukong-500-winters/?nfc=official&no=0104
105,https://nohmorejpills-ux.github.io/lilwukong-500-winters/?nfc=official&no=0105
106,https://nohmorejpills-ux.github.io/lilwukong-500-winters/?nfc=official&no=0106
107,https://nohmorejpills-ux.github.io/lilwukong-500-winters/?nfc=official&no=0107
108,https://nohmorejpills-ux.github.io/lilwukong-500-winters/?nfc=official&no=0108
109,https://nohmorejpills-ux.github.io/lilwukong-500-winters/?nfc=official&no=0109
110,https://nohmorejpills-ux.github.io/lilwukong-500-winters/?nfc=official&no=0110
111,https://nohmorejpills-ux.github.io/lilwukong-500-winters/?nfc=official&no=0111
112,https://nohmorejpills-ux.github.io/lilwukong-500-winters/?nfc=official&no=0112
113,https://nohmorejpills-ux.github.io/lilwukong-500-winters/?nfc=official&no=0113
114,https://nohmorejpills-ux.github.io/lilwukong-500-winters/?nfc=official&no=0114
115,https://nohmorejpills-ux.github.io/lilwukong-500-winters/?nfc=official&no=0115
116,https://nohmorejpills-ux.github.io/lilwukong-500-winters/?nfc=official&no=0116
117,https://nohmorejpills-ux.github.io/lilwukong-500-winters/?nfc=official&no=0117
118,https://nohmorejpills-ux.github.io/lilwukong-500-winters/?nfc=official&no=0118
119,https://nohmorejpills-ux.github.io/lilwukong-500-winters/?nfc=official&no=0119
120,https://nohmorejpills-ux.github.io/lilwukong-500-winters/?nfc=official&no=0120
121,https://nohmorejpills-ux.github.io/lilwukong-500-winters/?nfc=official&no=0121
122,https://nohmorejpills-ux.github.io/lilwukong-500-winters/?nfc=official&no=0122
123,https://nohmorejpills-ux.github.io/lilwukong-500-winters/?nfc=official&no=0123
124,https://nohmorejpills-ux.github.io/lilwukong-500-winters/?nfc=official&no=0124
125,https://nohmorejpills-ux.github.io/lilwukong-500-winters/?nfc=official&no=0125
126,https://nohmorejpills-ux.github.io/lilwukong-500-winters/?nfc=official&no=0126
127,https://nohmorejpills-ux.github.io/lilwukong-500-winters/?nfc=official&no=0127
128,https://nohmorejpills-ux.github.io/lilwukong-500-winters/?nfc=official&no=0128
129,https://nohmorejpills-ux.github.io/lilwukong-500-winters/?nfc=official&no=0129
130,https://nohmorejpills-ux.github.io/lilwukong-500-winters/?nfc=official&no=0130
131,https://nohmorejpills-ux.github.io/lilwukong-500-winters/?nfc=official&no=0131
132,https://nohmorejpills-ux.github.io/lilwukong-500-winters/?nfc=official&no=0132
133,https://nohmorejpills-ux.github.io/lilwukong-500-winters/?nfc=official&no=0133
134,https://nohmorejpills-ux.github.io/lilwukong-500-winters/?nfc=official&no=0134
135,https://nohmorejpills-ux.github.io/lilwukong-500-winters/?nfc=official&no=0135
136,https://nohmorejpills-ux.github.io/lilwukong-500-winters/?nfc=official&no=0136
137,https://nohmorejpills-ux.github.io/lilwukong-500-winters/?nfc=official&no=0137
138,https://nohmorejpills-ux.github.io/lilwukong-500-winters/?nfc=official&no=0138
139,https://nohmorejpills-ux.github.io/lilwukong-500-winters/?nfc=official&no=0139
140,https://nohmorejpills-ux.github.io/lilwukong-500-winters/?nfc=official&no=0140
141,https://nohmorejpills-ux.github.io/lilwukong-500-winters/?nfc=official&no=0141
142,https://nohmorejpills-ux.github.io/lilwukong-500-winters/?nfc=official&no=0142
143,https://nohmorejpills-ux.github.io/lilwukong-500-winters/?nfc=official&no=0143
144,https://nohmorejpills-ux.github.io/lilwukong-500-winters/?nfc=official&no=0144
145,https://nohmorejpills-ux.github.io/lilwukong-500-winters/?nfc=official&no=0145
146,https://nohmorejpills-ux.github.io/lilwukong-500-winters/?nfc=official&no=0146
147,https://nohmorejpills-ux.github.io/lilwukong-500-winters/?nfc=official&no=0147
148,https://nohmorejpills-ux.github.io/lilwukong-500-winters/?nfc=official&no=0148
149,https://nohmorejpills-ux.github.io/lilwukong-500-winters/?nfc=official&no=0149
150,https://nohmorejpills-ux.github.io/lilwukong-500-winters/?nfc=official&no=0150
151,https://nohmorejpills-ux.github.io/lilwukong-500-winters/?nfc=official&no=0151
152,https://nohmorejpills-ux.github.io/lilwukong-500-winters/?nfc=official&no=0152
153,https://nohmorejpills-ux.github.io/lilwukong-500-winters/?nfc=official&no=0153
154,https://nohmorejpills-ux.github.io/lilwukong-500-winters/?nfc=official&no=0154
155,https://nohmorejpills-ux.github.io/lilwukong-500-winters/?nfc=official&no=0155
156,https://nohmorejpills-ux.github.io/lilwukong-500-winters/?nfc=official&no=0156
157,https://nohmorejpills-ux.github.io/lilwukong-500-winters/?nfc=official&no=0157
158,https://nohmorejpills-ux.github.io/lilwukong-500-winters/?nfc=official&no=0158
159,https://nohmorejpills-ux.github.io/lilwukong-500-winters/?nfc=official&no=0159
160,https://nohmorejpills-ux.github.io/lilwukong-500-winters/?nfc=official&no=0160
161,https://nohmorejpills-ux.github.io/lilwukong-500-winters/?nfc=official&no=0161
162,https://nohmorejpills-ux.github.io/lilwukong-500-winters/?nfc=official&no=0162
163,https://nohmorejpills-ux.github.io/lilwukong-500-winters/?nfc=official&no=0163
164,https://nohmorejpills-ux.github.io/lilwukong-500-winters/?nfc=official&no=0164
165,https://nohmorejpills-ux.github.io/lilwukong-500-winters/?nfc=official&no=0165
166,https://nohmorejpills-ux.github.io/lilwukong-500-winters/?nfc=official&no=0166
167,https://nohmorejpills-ux.github.io/lilwukong-500-winters/?nfc=official&no=0167
168,https://nohmorejpills-ux.github.io/lilwukong-500-winters/?nfc=official&no=0168
169,https://nohmorejpills-ux.github.io/lilwukong-500-winters/?nfc=official&no=0169
170,https://nohmorejpills-ux.github.io/lilwukong-500-winters/?nfc=official&no=0170
171,https://nohmorejpills-ux.github.io/lilwukong-500-winters/?nfc=official&no=0171
172,https://nohmorejpills-ux.github.io/lilwukong-500-winters/?nfc=official&no=0172
173,https://nohmorejpills-ux.github.io/lilwukong-500-winters/?nfc=official&no=0173
174,https://nohmorejpills-ux.github.io/lilwukong-500-winters/?nfc=official&no=0174
175,https://nohmorejpills-ux.github.io/lilwukong-500-winters/?nfc=official&no=0175
176,https://nohmorejpills-ux.github.io/lilwukong-500-winters/?nfc=official&no=0176
177,https://nohmorejpills-ux.github.io/lilwukong-500-winters/?nfc=official&no=0177
178,https://nohmorejpills-ux.github.io/lilwukong-500-winters/?nfc=official&no=0178
179,https://nohmorejpills-ux.github.io/lilwukong-500-winters/?nfc=official&no=0179
180,https://nohmorejpills-ux.github.io/lilwukong-500-winters/?nfc=official&no=0180
181,https://nohmorejpills-ux.github.io/lilwukong-500-winters/?nfc=official&no=0181
182,https://nohmorejpills-ux.github.io/lilwukong-500-winters/?nfc=official&no=0182
183,https://nohmorejpills-ux.github.io/lilwukong-500-winters/?nfc=official&no=0183
184,https://nohmorejpills-ux.github.io/lilwukong-500-winters/?nfc=official&no=0184
185,https://nohmorejpills-ux.github.io/lilwukong-500-winters/?nfc=official&no=0185
186,https://nohmorejpills-ux.github.io/lilwukong-500-winters/?nfc=official&no=0186
187,https://nohmorejpills-ux.github.io/lilwukong-500-winters/?nfc=official&no=0187
188,https://nohmorejpills-ux.github.io/lilwukong-500-winters/?nfc=official&no=0188
189,https://nohmorejpills-ux.github.io/lilwukong-500-winters/?nfc=official&no=0189
190,https://nohmorejpills-ux.github.io/lilwukong-500-winters/?nfc=official&no=0190
191,https://nohmorejpills-ux.github.io/lilwukong-500-winters/?nfc=official&no=0191
192,https://nohmorejpills-ux.github.io/lilwukong-500-winters/?nfc=official&no=0192
193,https://nohmorejpills-ux.github.io/lilwukong-500-winters/?nfc=official&no=0193
194,https://nohmorejpills-ux.github.io/lilwukong-500-winters/?nfc=official&no=0194
195,https://nohmorejpills-ux.github.io/lilwukong-500-winters/?nfc=official&no=0195
196,https://nohmorejpills-ux.github.io/lilwukong-500-winters/?nfc=official&no=0196
197,https://nohmorejpills-ux.github.io/lilwukong-500-winters/?nfc=official&no=0197
198,https://nohmorejpills-ux.github.io/lilwukong-500-winters/?nfc=official&no=0198
199,https://nohmorejpills-ux.github.io/lilwukong-500-winters/?nfc=official&no=0199
200,https://nohmorejpills-ux.github.io/lilwukong-500-winters/?nfc=official&no=0200
201,https://nohmorejpills-ux.github.io/lilwukong-500-winters/?nfc=official&no=0201
202,https://nohmorejpills-ux.github.io/lilwukong-500-winters/?nfc=official&no=0202
203,https://nohmorejpills-ux.github.io/lilwukong-500-winters/?nfc=official&no=0203
204,https://nohmorejpills-ux.github.io/lilwukong-500-winters/?nfc=official&no=0204
205,https://nohmorejpills-ux.github.io/lilwukong-500-winters/?nfc=official&no=0205
206,https://nohmorejpills-ux.github.io/lilwukong-500-winters/?nfc=official&no=0206
207,https://nohmorejpills-ux.github.io/lilwukong-500-winters/?nfc=official&no=0207
208,https://nohmorejpills-ux.github.io/lilwukong-500-winters/?nfc=official&no=0208
209,https://nohmorejpills-ux.github.io/lilwukong-500-winters/?nfc=official&no=0209
210,https://nohmorejpills-ux.github.io/lilwukong-500-winters/?nfc=official&no=0210
211,https://nohmorejpills-ux.github.io/lilwukong-500-winters/?nfc=official&no=0211
212,https://nohmorejpills-ux.github.io/lilwukong-500-winters/?nfc=official&no=0212
213,https://nohmorejpills-ux.github.io/lilwukong-500-winters/?nfc=official&no=0213
214,https://nohmorejpills-ux.github.io/lilwukong-500-winters/?nfc=official&no=0214
215,https://nohmorejpills-ux.github.io/lilwukong-500-winters/?nfc=official&no=0215
216,https://nohmorejpills-ux.github.io/lilwukong-500-winters/?nfc=official&no=0216
217,https://nohmorejpills-ux.github.io/lilwukong-500-winters/?nfc=official&no=0217
218,https://nohmorejpills-ux.github.io/lilwukong-500-winters/?nfc=official&no=0218
219,https://nohmorejpills-ux.github.io/lilwukong-500-winters/?nfc=official&no=0219
220,https://nohmorejpills-ux.github.io/lilwukong-500-winters/?nfc=official&no=0220
221,https://nohmorejpills-ux.github.io/lilwukong-500-winters/?nfc=official&no=0221
222,https://nohmorejpills-ux.github.io/lilwukong-500-winters/?nfc=official&no=0222
223,https://nohmorejpills-ux.github.io/lilwukong-500-winters/?nfc=official&no=0223
224,https://nohmorejpills-ux.github.io/lilwukong-500-winters/?nfc=official&no=0224
225,https://nohmorejpills-ux.github.io/lilwukong-500-winters/?nfc=official&no=0225
226,https://nohmorejpills-ux.github.io/lilwukong-500-winters/?nfc=official&no=0226
227,https://nohmorejpills-ux.github.io/lilwukong-500-winters/?nfc=official&no=0227
228,https://nohmorejpills-ux.github.io/lilwukong-500-winters/?nfc=official&no=0228
229,https://nohmorejpills-ux.github.io/lilwukong-500-winters/?nfc=official&no=0229
230,https://nohmorejpills-ux.github.io/lilwukong-500-winters/?nfc=official&no=0230
231,https://nohmorejpills-ux.github.io/lilwukong-500-winters/?nfc=official&no=0231
232,https://nohmorejpills-ux.github.io/lilwukong-500-winters/?nfc=official&no=0232
233,https://nohmorejpills-ux.github.io/lilwukong-500-winters/?nfc=official&no=0233
234,https://nohmorejpills-ux.github.io/lilwukong-500-winters/?nfc=official&no=0234
235,https://nohmorejpills-ux.github.io/lilwukong-500-winters/?nfc=official&no=0235
236,https://nohmorejpills-ux.github.io/lilwukong-500-winters/?nfc=official&no=0236
237,https://nohmorejpills-ux.github.io/lilwukong-500-winters/?nfc=official&no=0237
238,https://nohmorejpills-ux.github.io/lilwukong-500-winters/?nfc=official&no=0238
239,https://nohmorejpills-ux.github.io/lilwukong-500-winters/?nfc=official&no=0239
240,https://nohmorejpills-ux.github.io/lilwukong-500-winters/?nfc=official&no=0240
241,https://nohmorejpills-ux.github.io/lilwukong-500-winters/?nfc=official&no=0241
242,https://nohmorejpills-ux.github.io/lilwukong-500-winters/?nfc=official&no=0242
243,https://nohmorejpills-ux.github.io/lilwukong-500-winters/?nfc=official&no=0243
244,https://nohmorejpills-ux.github.io/lilwukong-500-winters/?nfc=official&no=0244
245,https://nohmorejpills-ux.github.io/lilwukong-500-winters/?nfc=official&no=0245
246,https://nohmorejpills-ux.github.io/lilwukong-500-winters/?nfc=official&no=0246
247,https://nohmorejpills-ux.github.io/lilwukong-500-winters/?nfc=official&no=0247
248,https://nohmorejpills-ux.github.io/lilwukong-500-winters/?nfc=official&no=0248
249,https://nohmorejpills-ux.github.io/lilwukong-500-winters/?nfc=official&no=0249
250,https://nohmorejpills-ux.github.io/lilwukong-500-winters/?nfc=official&no=0250
251,https://nohmorejpills-ux.github.io/lilwukong-500-winters/?nfc=official&no=0251
252,https://nohmorejpills-ux.github.io/lilwukong-500-winters/?nfc=official&no=0252
253,https://nohmorejpills-ux.github.io/lilwukong-500-winters/?nfc=official&no=0253
254,https://nohmorejpills-ux.github.io/lilwukong-500-winters/?nfc=official&no=0254
255,https://nohmorejpills-ux.github.io/lilwukong-500-winters/?nfc=official&no=0255
256,https://nohmorejpills-ux.github.io/lilwukong-500-winters/?nfc=official&no=0256
257,https://nohmorejpills-ux.github.io/lilwukong-500-winters/?nfc=official&no=0257
258,https://nohmorejpills-ux.github.io/lilwukong-500-winters/?nfc=official&no=0258
259,https://nohmorejpills-ux.github.io/lilwukong-500-winters/?nfc=official&no=0259
260,https://nohmorejpills-ux.github.io/lilwukong-500-winters/?nfc=official&no=0260
261,https://nohmorejpills-ux.github.io/lilwukong-500-winters/?nfc=official&no=0261
262,https://nohmorejpills-ux.github.io/lilwukong-500-winters/?nfc=official&no=0262
263,https://nohmorejpills-ux.github.io/lilwukong-500-winters/?nfc=official&no=0263
264,https://nohmorejpills-ux.github.io/lilwukong-500-winters/?nfc=official&no=0264
265,https://nohmorejpills-ux.github.io/lilwukong-500-winters/?nfc=official&no=0265
266,https://nohmorejpills-ux.github.io/lilwukong-500-winters/?nfc=official&no=0266
267,https://nohmorejpills-ux.github.io/lilwukong-500-winters/?nfc=official&no=0267
268,https://nohmorejpills-ux.github.io/lilwukong-500-winters/?nfc=official&no=0268
269,https://nohmorejpills-ux.github.io/lilwukong-500-winters/?nfc=official&no=0269
270,https://nohmorejpills-ux.github.io/lilwukong-500-winters/?nfc=official&no=0270
271,https://nohmorejpills-ux.github.io/lilwukong-500-winters/?nfc=official&no=0271
272,https://nohmorejpills-ux.github.io/lilwukong-500-winters/?nfc=official&no=0272
273,https://nohmorejpills-ux.github.io/lilwukong-500-winters/?nfc=official&no=0273
274,https://nohmorejpills-ux.github.io/lilwukong-500-winters/?nfc=official&no=0274
275,https://nohmorejpills-ux.github.io/lilwukong-500-winters/?nfc=official&no=0275
276,https://nohmorejpills-ux.github.io/lilwukong-500-winters/?nfc=official&no=0276
277,https://nohmorejpills-ux.github.io/lilwukong-500-winters/?nfc=official&no=0277
278,https://nohmorejpills-ux.github.io/lilwukong-500-winters/?nfc=official&no=0278
279,https://nohmorejpills-ux.github.io/lilwukong-500-winters/?nfc=official&no=0279
280,https://nohmorejpills-ux.github.io/lilwukong-500-winters/?nfc=official&no=0280
281,https://nohmorejpills-ux.github.io/lilwukong-500-winters/?nfc=official&no=0281
282,https://nohmorejpills-ux.github.io/lilwukong-500-winters/?nfc=official&no=0282
283,https://nohmorejpills-ux.github.io/lilwukong-500-winters/?nfc=official&no=0283
284,https://nohmorejpills-ux.github.io/lilwukong-500-winters/?nfc=official&no=0284
285,https://nohmorejpills-ux.github.io/lilwukong-500-winters/?nfc=official&no=0285
286,https://nohmorejpills-ux.github.io/lilwukong-500-winters/?nfc=official&no=0286
287,https://nohmorejpills-ux.github.io/lilwukong-500-winters/?nfc=official&no=0287
288,https://nohmorejpills-ux.github.io/lilwukong-500-winters/?nfc=official&no=0288
289,https://nohmorejpills-ux.github.io/lilwukong-500-winters/?nfc=official&no=0289
290,https://nohmorejpills-ux.github.io/lilwukong-500-winters/?nfc=official&no=0290
291,https://nohmorejpills-ux.github.io/lilwukong-500-winters/?nfc=official&no=0291
292,https://nohmorejpills-ux.github.io/lilwukong-500-winters/?nfc=official&no=0292
293,https://nohmorejpills-ux.github.io/lilwukong-500-winters/?nfc=official&no=0293
294,https://nohmorejpills-ux.github.io/lilwukong-500-winters/?nfc=official&no=0294
295,https://nohmorejpills-ux.github.io/lilwukong-500-winters/?nfc=official&no=0295
296,https://nohmorejpills-ux.github.io/lilwukong-500-winters/?nfc=official&no=0296
297,https://nohmorejpills-ux.github.io/lilwukong-500-winters/?nfc=official&no=0297
298,https://nohmorejpills-ux.github.io/lilwukong-500-winters/?nfc=official&no=0298
299,https://nohmorejpills-ux.github.io/lilwukong-500-winters/?nfc=official&no=0299
300,https://nohmorejpills-ux.github.io/lilwukong-500-winters/?nfc=official&no=0300
301,https://nohmorejpills-ux.github.io/lilwukong-500-winters/?nfc=official&no=0301
302,https://nohmorejpills-ux.github.io/lilwukong-500-winters/?nfc=official&no=0302
303,https://nohmorejpills-ux.github.io/lilwukong-500-winters/?nfc=official&no=0303
304,https://nohmorejpills-ux.github.io/lilwukong-500-winters/?nfc=official&no=0304
305,https://nohmorejpills-ux.github.io/lilwukong-500-winters/?nfc=official&no=0305
306,https://nohmorejpills-ux.github.io/lilwukong-500-winters/?nfc=official&no=0306
307,https://nohmorejpills-ux.github.io/lilwukong-500-winters/?nfc=official&no=0307
308,https://nohmorejpills-ux.github.io/lilwukong-500-winters/?nfc=official&no=0308
309,https://nohmorejpills-ux.github.io/lilwukong-500-winters/?nfc=official&no=0309
310,https://nohmorejpills-ux.github.io/lilwukong-500-winters/?nfc=official&no=0310
311,https://nohmorejpills-ux.github.io/lilwukong-500-winters/?nfc=official&no=0311
312,https://nohmorejpills-ux.github.io/lilwukong-500-winters/?nfc=official&no=0312
313,https://nohmorejpills-ux.github.io/lilwukong-500-winters/?nfc=official&no=0313
314,https://nohmorejpills-ux.github.io/lilwukong-500-winters/?nfc=official&no=0314
315,https://nohmorejpills-ux.github.io/lilwukong-500-winters/?nfc=official&no=0315
316,https://nohmorejpills-ux.github.io/lilwukong-500-winters/?nfc=official&no=0316
317,https://nohmorejpills-ux.github.io/lilwukong-500-winters/?nfc=official&no=0317
318,https://nohmorejpills-ux.github.io/lilwukong-500-winters/?nfc=official&no=0318
319,https://nohmorejpills-ux.github.io/lilwukong-500-winters/?nfc=official&no=0319
320,https://nohmorejpills-ux.github.io/lilwukong-500-winters/?nfc=official&no=0320
321,https://nohmorejpills-ux.github.io/lilwukong-500-winters/?nfc=official&no=0321
322,https://nohmorejpills-ux.github.io/lilwukong-500-winters/?nfc=official&no=0322
323,https://nohmorejpills-ux.github.io/lilwukong-500-winters/?nfc=official&no=0323
324,https://nohmorejpills-ux.github.io/lilwukong-500-winters/?nfc=official&no=0324
325,https://nohmorejpills-ux.github.io/lilwukong-500-winters/?nfc=official&no=0325
326,https://nohmorejpills-ux.github.io/lilwukong-500-winters/?nfc=official&no=0326
327,https://nohmorejpills-ux.github.io/lilwukong-500-winters/?nfc=official&no=0327
328,https://nohmorejpills-ux.github.io/lilwukong-500-winters/?nfc=official&no=0328
329,https://nohmorejpills-ux.github.io/lilwukong-500-winters/?nfc=official&no=0329
330,https://nohmorejpills-ux.github.io/lilwukong-500-winters/?nfc=official&no=0330
331,https://nohmorejpills-ux.github.io/lilwukong-500-winters/?nfc=official&no=0331
332,https://nohmorejpills-ux.github.io/lilwukong-500-winters/?nfc=official&no=0332
333,https://nohmorejpills-ux.github.io/lilwukong-500-winters/?nfc=official&no=0333
334,https://nohmorejpills-ux.github.io/lilwukong-500-winters/?nfc=official&no=0334
335,https://nohmorejpills-ux.github.io/lilwukong-500-winters/?nfc=official&no=0335
336,https://nohmorejpills-ux.github.io/lilwukong-500-winters/?nfc=official&no=0336
337,https://nohmorejpills-ux.github.io/lilwukong-500-winters/?nfc=official&no=0337
338,https://nohmorejpills-ux.github.io/lilwukong-500-winters/?nfc=official&no=0338
339,https://nohmorejpills-ux.github.io/lilwukong-500-winters/?nfc=official&no=0339
340,https://nohmorejpills-ux.github.io/lilwukong-500-winters/?nfc=official&no=0340
341,https://nohmorejpills-ux.github.io/lilwukong-500-winters/?nfc=official&no=0341
342,https://nohmorejpills-ux.github.io/lilwukong-500-winters/?nfc=official&no=0342
343,https://nohmorejpills-ux.github.io/lilwukong-500-winters/?nfc=official&no=0343
344,https://nohmorejpills-ux.github.io/lilwukong-500-winters/?nfc=official&no=0344
345,https://nohmorejpills-ux.github.io/lilwukong-500-winters/?nfc=official&no=0345
346,https://nohmorejpills-ux.github.io/lilwukong-500-winters/?nfc=official&no=0346
347,https://nohmorejpills-ux.github.io/lilwukong-500-winters/?nfc=official&no=0347
348,https://nohmorejpills-ux.github.io/lilwukong-500-winters/?nfc=official&no=0348
349,https://nohmorejpills-ux.github.io/lilwukong-500-winters/?nfc=official&no=0349
350,https://nohmorejpills-ux.github.io/lilwukong-500-winters/?nfc=official&no=0350
351,https://nohmorejpills-ux.github.io/lilwukong-500-winters/?nfc=official&no=0351
352,https://nohmorejpills-ux.github.io/lilwukong-500-winters/?nfc=official&no=0352
353,https://nohmorejpills-ux.github.io/lilwukong-500-winters/?nfc=official&no=0353
354,https://nohmorejpills-ux.github.io/lilwukong-500-winters/?nfc=official&no=0354
355,https://nohmorejpills-ux.github.io/lilwukong-500-winters/?nfc=official&no=0355
356,https://nohmorejpills-ux.github.io/lilwukong-500-winters/?nfc=official&no=0356
357,https://nohmorejpills-ux.github.io/lilwukong-500-winters/?nfc=official&no=0357
358,https://nohmorejpills-ux.github.io/lilwukong-500-winters/?nfc=official&no=0358
359,https://nohmorejpills-ux.github.io/lilwukong-500-winters/?nfc=official&no=0359
360,https://nohmorejpills-ux.github.io/lilwukong-500-winters/?nfc=official&no=0360
361,https://nohmorejpills-ux.github.io/lilwukong-500-winters/?nfc=official&no=0361
362,https://nohmorejpills-ux.github.io/lilwukong-500-winters/?nfc=official&no=0362
363,https://nohmorejpills-ux.github.io/lilwukong-500-winters/?nfc=official&no=0363
364,https://nohmorejpills-ux.github.io/lilwukong-500-winters/?nfc=official&no=0364
365,https://nohmorejpills-ux.github.io/lilwukong-500-winters/?nfc=official&no=0365
366,https://nohmorejpills-ux.github.io/lilwukong-500-winters/?nfc=official&no=0366
367,https://nohmorejpills-ux.github.io/lilwukong-500-winters/?nfc=official&no=0367
368,https://nohmorejpills-ux.github.io/lilwukong-500-winters/?nfc=official&no=0368
369,https://nohmorejpills-ux.github.io/lilwukong-500-winters/?nfc=official&no=0369
370,https://nohmorejpills-ux.github.io/lilwukong-500-winters/?nfc=official&no=0370
371,https://nohmorejpills-ux.github.io/lilwukong-500-winters/?nfc=official&no=0371
372,https://nohmorejpills-ux.github.io/lilwukong-500-winters/?nfc=official&no=0372
373,https://nohmorejpills-ux.github.io/lilwukong-500-winters/?nfc=official&no=0373
374,https://nohmorejpills-ux.github.io/lilwukong-500-winters/?nfc=official&no=0374
375,https://nohmorejpills-ux.github.io/lilwukong-500-winters/?nfc=official&no=0375
376,https://nohmorejpills-ux.github.io/lilwukong-500-winters/?nfc=official&no=0376
377,https://nohmorejpills-ux.github.io/lilwukong-500-winters/?nfc=official&no=0377
378,https://nohmorejpills-ux.github.io/lilwukong-500-winters/?nfc=official&no=0378
379,https://nohmorejpills-ux.github.io/lilwukong-500-winters/?nfc=official&no=0379
380,https://nohmorejpills-ux.github.io/lilwukong-500-winters/?nfc=official&no=0380
381,https://nohmorejpills-ux.github.io/lilwukong-500-winters/?nfc=official&no=0381
382,https://nohmorejpills-ux.github.io/lilwukong-500-winters/?nfc=official&no=0382
383,https://nohmorejpills-ux.github.io/lilwukong-500-winters/?nfc=official&no=0383
384,https://nohmorejpills-ux.github.io/lilwukong-500-winters/?nfc=official&no=0384
385,https://nohmorejpills-ux.github.io/lilwukong-500-winters/?nfc=official&no=0385
386,https://nohmorejpills-ux.github.io/lilwukong-500-winters/?nfc=official&no=0386
387,https://nohmorejpills-ux.github.io/lilwukong-500-winters/?nfc=official&no=0387
388,https://nohmorejpills-ux.github.io/lilwukong-500-winters/?nfc=official&no=0388
389,https://nohmorejpills-ux.github.io/lilwukong-500-winters/?nfc=official&no=0389
390,https://nohmorejpills-ux.github.io/lilwukong-500-winters/?nfc=official&no=0390
391,https://nohmorejpills-ux.github.io/lilwukong-500-winters/?nfc=official&no=0391
392,https://nohmorejpills-ux.github.io/lilwukong-500-winters/?nfc=official&no=0392
393,https://nohmorejpills-ux.github.io/lilwukong-500-winters/?nfc=official&no=0393
394,https://nohmorejpills-ux.github.io/lilwukong-500-winters/?nfc=official&no=0394
395,https://nohmorejpills-ux.github.io/lilwukong-500-winters/?nfc=official&no=0395
396,https://nohmorejpills-ux.github.io/lilwukong-500-winters/?nfc=official&no=0396
397,https://nohmorejpills-ux.github.io/lilwukong-500-winters/?nfc=official&no=0397
398,https://nohmorejpills-ux.github.io/lilwukong-500-winters/?nfc=official&no=0398
399,https://nohmorejpills-ux.github.io/lilwukong-500-winters/?nfc=official&no=0399
400,https://nohmorejpills-ux.github.io/lilwukong-500-winters/?nfc=official&no=0400
401,https://nohmorejpills-ux.github.io/lilwukong-500-winters/?nfc=official&no=0401
402,https://nohmorejpills-ux.github.io/lilwukong-500-winters/?nfc=official&no=0402
403,https://nohmorejpills-ux.github.io/lilwukong-500-winters/?nfc=official&no=0403
404,https://nohmorejpills-ux.github.io/lilwukong-500-winters/?nfc=official&no=0404
405,https://nohmorejpills-ux.github.io/lilwukong-500-winters/?nfc=official&no=0405
406,https://nohmorejpills-ux.github.io/lilwukong-500-winters/?nfc=official&no=0406
407,https://nohmorejpills-ux.github.io/lilwukong-500-winters/?nfc=official&no=0407
408,https://nohmorejpills-ux.github.io/lilwukong-500-winters/?nfc=official&no=0408
409,https://nohmorejpills-ux.github.io/lilwukong-500-winters/?nfc=official&no=0409
410,https://nohmorejpills-ux.github.io/lilwukong-500-winters/?nfc=official&no=0410
411,https://nohmorejpills-ux.github.io/lilwukong-500-winters/?nfc=official&no=0411
412,https://nohmorejpills-ux.github.io/lilwukong-500-winters/?nfc=official&no=0412
413,https://nohmorejpills-ux.github.io/lilwukong-500-winters/?nfc=official&no=0413
414,https://nohmorejpills-ux.github.io/lilwukong-500-winters/?nfc=official&no=0414
415,https://nohmorejpills-ux.github.io/lilwukong-500-winters/?nfc=official&no=0415
416,https://nohmorejpills-ux.github.io/lilwukong-500-winters/?nfc=official&no=0416
417,https://nohmorejpills-ux.github.io/lilwukong-500-winters/?nfc=official&no=0417
418,https://nohmorejpills-ux.github.io/lilwukong-500-winters/?nfc=official&no=0418
419,https://nohmorejpills-ux.github.io/lilwukong-500-winters/?nfc=official&no=0419
420,https://nohmorejpills-ux.github.io/lilwukong-500-winters/?nfc=official&no=0420
421,https://nohmorejpills-ux.github.io/lilwukong-500-winters/?nfc=official&no=0421
422,https://nohmorejpills-ux.github.io/lilwukong-500-winters/?nfc=official&no=0422
423,https://nohmorejpills-ux.github.io/lilwukong-500-winters/?nfc=official&no=0423
424,https://nohmorejpills-ux.github.io/lilwukong-500-winters/?nfc=official&no=0424
425,https://nohmorejpills-ux.github.io/lilwukong-500-winters/?nfc=official&no=0425
426,https://nohmorejpills-ux.github.io/lilwukong-500-winters/?nfc=official&no=0426
427,https://nohmorejpills-ux.github.io/lilwukong-500-winters/?nfc=official&no=0427
428,https://nohmorejpills-ux.github.io/lilwukong-500-winters/?nfc=official&no=0428
429,https://nohmorejpills-ux.github.io/lilwukong-500-winters/?nfc=official&no=0429
430,https://nohmorejpills-ux.github.io/lilwukong-500-winters/?nfc=official&no=0430
431,https://nohmorejpills-ux.github.io/lilwukong-500-winters/?nfc=official&no=0431
432,https://nohmorejpills-ux.github.io/lilwukong-500-winters/?nfc=official&no=0432
433,https://nohmorejpills-ux.github.io/lilwukong-500-winters/?nfc=official&no=0433
434,https://nohmorejpills-ux.github.io/lilwukong-500-winters/?nfc=official&no=0434
435,https://nohmorejpills-ux.github.io/lilwukong-500-winters/?nfc=official&no=0435
436,https://nohmorejpills-ux.github.io/lilwukong-500-winters/?nfc=official&no=0436
437,https://nohmorejpills-ux.github.io/lilwukong-500-winters/?nfc=official&no=0437
438,https://nohmorejpills-ux.github.io/lilwukong-500-winters/?nfc=official&no=0438
439,https://nohmorejpills-ux.github.io/lilwukong-500-winters/?nfc=official&no=0439
440,https://nohmorejpills-ux.github.io/lilwukong-500-winters/?nfc=official&no=0440
441,https://nohmorejpills-ux.github.io/lilwukong-500-winters/?nfc=official&no=0441
442,https://nohmorejpills-ux.github.io/lilwukong-500-winters/?nfc=official&no=0442
443,https://nohmorejpills-ux.github.io/lilwukong-500-winters/?nfc=official&no=0443
444,https://nohmorejpills-ux.github.io/lilwukong-500-winters/?nfc=official&no=0444
445,https://nohmorejpills-ux.github.io/lilwukong-500-winters/?nfc=official&no=0445
446,https://nohmorejpills-ux.github.io/lilwukong-500-winters/?nfc=official&no=0446
447,https://nohmorejpills-ux.github.io/lilwukong-500-winters/?nfc=official&no=0447
448,https://nohmorejpills-ux.github.io/lilwukong-500-winters/?nfc=official&no=0448
449,https://nohmorejpills-ux.github.io/lilwukong-500-winters/?nfc=official&no=0449
450,https://nohmorejpills-ux.github.io/lilwukong-500-winters/?nfc=official&no=0450
451,https://nohmorejpills-ux.github.io/lilwukong-500-winters/?nfc=official&no=0451
452,https://nohmorejpills-ux.github.io/lilwukong-500-winters/?nfc=official&no=0452
453,https://nohmorejpills-ux.github.io/lilwukong-500-winters/?nfc=official&no=0453
454,https://nohmorejpills-ux.github.io/lilwukong-500-winters/?nfc=official&no=0454
455,https://nohmorejpills-ux.github.io/lilwukong-500-winters/?nfc=official&no=0455
456,https://nohmorejpills-ux.github.io/lilwukong-500-winters/?nfc=official&no=0456
457,https://nohmorejpills-ux.github.io/lilwukong-500-winters/?nfc=official&no=0457
458,https://nohmorejpills-ux.github.io/lilwukong-500-winters/?nfc=official&no=0458
459,https://nohmorejpills-ux.github.io/lilwukong-500-winters/?nfc=official&no=0459
460,https://nohmorejpills-ux.github.io/lilwukong-500-winters/?nfc=official&no=0460
461,https://nohmorejpills-ux.github.io/lilwukong-500-winters/?nfc=official&no=0461
462,https://nohmorejpills-ux.github.io/lilwukong-500-winters/?nfc=official&no=0462
463,https://nohmorejpills-ux.github.io/lilwukong-500-winters/?nfc=official&no=0463
464,https://nohmorejpills-ux.github.io/lilwukong-500-winters/?nfc=official&no=0464
465,https://nohmorejpills-ux.github.io/lilwukong-500-winters/?nfc=official&no=0465
466,https://nohmorejpills-ux.github.io/lilwukong-500-winters/?nfc=official&no=0466
467,https://nohmorejpills-ux.github.io/lilwukong-500-winters/?nfc=official&no=0467
468,https://nohmorejpills-ux.github.io/lilwukong-500-winters/?nfc=official&no=0468
469,https://nohmorejpills-ux.github.io/lilwukong-500-winters/?nfc=official&no=0469
470,https://nohmorejpills-ux.github.io/lilwukong-500-winters/?nfc=official&no=0470
471,https://nohmorejpills-ux.github.io/lilwukong-500-winters/?nfc=official&no=0471
472,https://nohmorejpills-ux.github.io/lilwukong-500-winters/?nfc=official&no=0472
473,https://nohmorejpills-ux.github.io/lilwukong-500-winters/?nfc=official&no=0473
474,https://nohmorejpills-ux.github.io/lilwukong-500-winters/?nfc=official&no=0474
475,https://nohmorejpills-ux.github.io/lilwukong-500-winters/?nfc=official&no=0475
476,https://nohmorejpills-ux.github.io/lilwukong-500-winters/?nfc=official&no=0476
477,https://nohmorejpills-ux.github.io/lilwukong-500-winters/?nfc=official&no=0477
478,https://nohmorejpills-ux.github.io/lilwukong-500-winters/?nfc=official&no=0478
479,https://nohmorejpills-ux.github.io/lilwukong-500-winters/?nfc=official&no=0479
480,https://nohmorejpills-ux.github.io/lilwukong-500-winters/?nfc=official&no=0480
481,https://nohmorejpills-ux.github.io/lilwukong-500-winters/?nfc=official&no=0481
482,https://nohmorejpills-ux.github.io/lilwukong-500-winters/?nfc=official&no=0482
483,https://nohmorejpills-ux.github.io/lilwukong-500-winters/?nfc=official&no=0483
484,https://nohmorejpills-ux.github.io/lilwukong-500-winters/?nfc=official&no=0484
485,https://nohmorejpills-ux.github.io/lilwukong-500-winters/?nfc=official&no=0485
486,https://nohmorejpills-ux.github.io/lilwukong-500-winters/?nfc=official&no=0486
487,https://nohmorejpills-ux.github.io/lilwukong-500-winters/?nfc=official&no=0487
488,https://nohmorejpills-ux.github.io/lilwukong-500-winters/?nfc=official&no=0488
489,https://nohmorejpills-ux.github.io/lilwukong-500-winters/?nfc=official&no=0489
490,https://nohmorejpills-ux.github.io/lilwukong-500-winters/?nfc=official&no=0490
491,https://nohmorejpills-ux.github.io/lilwukong-500-winters/?nfc=official&no=0491
492,https://nohmorejpills-ux.github.io/lilwukong-500-winters/?nfc=official&no=0492
493,https://nohmorejpills-ux.github.io/lilwukong-500-winters/?nfc=official&no=0493
494,https://nohmorejpills-ux.github.io/lilwukong-500-winters/?nfc=official&no=0494
495,https://nohmorejpills-ux.github.io/lilwukong-500-winters/?nfc=official&no=0495
496,https://nohmorejpills-ux.github.io/lilwukong-500-winters/?nfc=official&no=0496
497,https://nohmorejpills-ux.github.io/lilwukong-500-winters/?nfc=official&no=0497
498,https://nohmorejpills-ux.github.io/lilwukong-500-winters/?nfc=official&no=0498
499,https://nohmorejpills-ux.github.io/lilwukong-500-winters/?nfc=official&no=0499
500,https://nohmorejpills-ux.github.io/lilwukong-500-winters/?nfc=official&no=0500
